sequence,experimental_characteristics,is_mod,half_life_seconds
GSIGAASMEF,intestinal proteasa,False,2.7013
IGAASMEFCF,intestinal proteasa,False,0.0629
AASMEFCFDV,intestinal proteasa,False,0.0556
SMEFCFDVFK,intestinal proteasa,False,0.0103
EFCFDVFKEL,intestinal proteasa,False,0.0088
CFDVFKELKV,intestinal proteasa,False,0.0122
DVFKELKVHH,intestinal proteasa,False,0.0101
FKELKVHHAN,intestinal proteasa,False,0.0094
ELKVHHANEN,intestinal proteasa,False,0.1969
KVHHANENIF,intestinal proteasa,False,1.2897
HHANENIFYC,intestinal proteasa,False,0.0485
ANENIFYCPI,intestinal proteasa,False,0.1557
ENIFYCPIAI,intestinal proteasa,False,0.089
IFYCPIAIMS,intestinal proteasa,False,0.0469
YCPIAIMSAL,intestinal proteasa,False,0.2911
PIAIMSALAM,intestinal proteasa,False,0.1596
AIMSALAMVY,intestinal proteasa,False,0.0512
MSALAMVYLG,intestinal proteasa,False,0.0132
ALAMVYLGAK,intestinal proteasa,False,0.0077
AMVYLGAKDS,intestinal proteasa,False,0.0111
VYLGAKDSTR,intestinal proteasa,False,0.0135
LGAKDSTRTQ,intestinal proteasa,False,0.0122
AKDSTRTQIN,intestinal proteasa,False,0.0092
DSTRTQINKV,intestinal proteasa,False,0.021
TRTQINKVVR,intestinal proteasa,False,0.0027
TQINKVVRFD,intestinal proteasa,False,0.0094
INKVVRFDKL,intestinal proteasa,False,0.0069
KVVRFDKLPG,intestinal proteasa,False,0.0119
VRFDKLPGFG,intestinal proteasa,False,0.1526
FDKLPGFGDS,intestinal proteasa,False,25.2445
KLPGFGDSIE,intestinal proteasa,False,40.1296
PGFGDSIEAQ,intestinal proteasa,False,17.8114
FGDSIEAQCG,intestinal proteasa,False,7.122
DSIEAQCGTS,intestinal proteasa,False,13.4815
IEAQCGTSVN,intestinal proteasa,False,6.4814
AQCGTSVNVH,intestinal proteasa,False,4.3435
CGTSVNVHSS,intestinal proteasa,False,1.1378
TSVNVHSSLR,intestinal proteasa,False,0.1177
VNVHSSLRDI,intestinal proteasa,False,0.0148
VHSSLRDILN,intestinal proteasa,False,0.0527
SSLRDILNQI,intestinal proteasa,False,0.1504
LRDILNQITK,intestinal proteasa,False,0.0939
DILNQITKPN,intestinal proteasa,False,4.1593
LNQITKPNDV,intestinal proteasa,False,20.6999
QITKPNDVYS,intestinal proteasa,False,0.2963
TKPNDVYSFS,intestinal proteasa,False,0.012
PNDVYSFSLA,intestinal proteasa,False,0.0026
DVYSFSLASR,intestinal proteasa,False,0.0037
YSFSLASRLY,intestinal proteasa,False,0.0019
FSLASRLYAE,intestinal proteasa,False,0.0035
LASRLYAEER,intestinal proteasa,False,0.0031
SRLYAEERYP,intestinal proteasa,False,0.0052
LYAEERYPIL,intestinal proteasa,False,0.1052
AEERYPILPE,intestinal proteasa,False,11.4998
ERYPILPEYL,intestinal proteasa,False,1.466
YPILPEYLQC,intestinal proteasa,False,0.1016
ILPEYLQCVK,intestinal proteasa,False,0.3817
PEYLQCVKEL,intestinal proteasa,False,0.1101
YLQCVKELYR,intestinal proteasa,False,0.0263
QCVKELYRGG,intestinal proteasa,False,0.0128
VKELYRGGLE,intestinal proteasa,False,0.0225
ELYRGGLEPI,intestinal proteasa,False,0.0244
YRGGLEPINF,intestinal proteasa,False,0.0238
GGLEPINFQT,intestinal proteasa,False,0.0336
LEPINFQTAA,intestinal proteasa,False,0.0242
PINFQTAADQ,intestinal proteasa,False,0.0812
NFQTAADQAR,intestinal proteasa,False,0.1293
QTAADQAREL,intestinal proteasa,False,0.0514
AADQARELIN,intestinal proteasa,False,0.0325
DQARELINSW,intestinal proteasa,False,0.0224
ARELINSWVE,intestinal proteasa,False,0.0156
ELINSWVESQ,intestinal proteasa,False,1.2344
INSWVESQTN,intestinal proteasa,False,3.3348
SWVESQTNGI,intestinal proteasa,False,0.7564
VESQTNGIIR,intestinal proteasa,False,0.3309
SQTNGIIRNV,intestinal proteasa,False,0.0066
TNGIIRNVLQ,intestinal proteasa,False,0.0072
GIIRNVLQPS,intestinal proteasa,False,0.0038
IRNVLQPSSV,intestinal proteasa,False,0.0049
NVLQPSSVDS,intestinal proteasa,False,0.3384
LQPSSVDSQT,intestinal proteasa,False,0.1866
PSSVDSQTAM,intestinal proteasa,False,4.5647
SVDSQTAMVL,intestinal proteasa,False,0.2013
DSQTAMVLVN,intestinal proteasa,False,0.0195
QTAMVLVNAI,intestinal proteasa,False,0.0264
AMVLVNAIVF,intestinal proteasa,False,0.0165
VLVNAIVFKG,intestinal proteasa,False,0.0087
VNAIVFKGLW,intestinal proteasa,False,0.0051
AIVFKGLWEK,intestinal proteasa,False,0.0054
VFKGLWEKAF,intestinal proteasa,False,0.0039
KGLWEKAFKD,intestinal proteasa,False,0.0053
LWEKAFKDED,intestinal proteasa,False,0.0131
EKAFKDEDTQ,intestinal proteasa,False,0.0329
AFKDEDTQAM,intestinal proteasa,False,7.6573
KDEDTQAMPF,intestinal proteasa,False,0.6468
EDTQAMPFRV,intestinal proteasa,False,0.0033
TQAMPFRVTE,intestinal proteasa,False,0.0047
AMPFRVTEQE,intestinal proteasa,False,0.0063
PFRVTEQESK,intestinal proteasa,False,0.131
RVTEQESKPV,intestinal proteasa,False,2.1948
TEQESKPVQM,intestinal proteasa,False,19.4782
QESKPVQMMY,intestinal proteasa,False,3.8079
SKPVQMMYQI,intestinal proteasa,False,0.124
PVQMMYQIGL,intestinal proteasa,False,0.088
QMMYQIGLFR,intestinal proteasa,False,0.006
MYQIGLFRVA,intestinal proteasa,False,0.0025
QIGLFRVASM,intestinal proteasa,False,0.0015
GLFRVASMAS,intestinal proteasa,False,0.006
FRVASMASEK,intestinal proteasa,False,0.0082
VASMASEKMK,intestinal proteasa,False,0.1745
SMASEKMKIL,intestinal proteasa,False,0.0072
ASEKMKILEL,intestinal proteasa,False,0.0103
EKMKILELPF,intestinal proteasa,False,0.0135
MKILELPFAS,intestinal proteasa,False,0.0183
ILELPFASGT,intestinal proteasa,False,0.0767
ELPFASGTMS,intestinal proteasa,False,0.0648
PFASGTMSML,intestinal proteasa,False,3.844
ASGTMSMLVL,intestinal proteasa,False,0.1692
GTMSMLVLLP,intestinal proteasa,False,0.0949
MSMLVLLPDE,intestinal proteasa,False,0.0317
MLVLLPDEVS,intestinal proteasa,False,0.323
VLLPDEVSGL,intestinal proteasa,False,8.3587
LPDEVSGLEQ,intestinal proteasa,False,0.3722
DEVSGLEQLE,intestinal proteasa,False,0.1719
VSGLEQLESI,intestinal proteasa,False,1.0014
GLEQLESIIN,intestinal proteasa,False,0.5162
EQLESIINFE,intestinal proteasa,False,0.0686
LESIINFEKL,intestinal proteasa,False,0.0663
SIINFEKLTE,intestinal proteasa,False,0.0667
INFEKLTEWT,intestinal proteasa,False,0.0541
FEKLTEWTSS,intestinal proteasa,False,0.0563
KLTEWTSSNV,intestinal proteasa,False,0.4176
TEWTSSNVME,intestinal proteasa,False,0.5842
WTSSNVMEER,intestinal proteasa,False,0.9286
SSNVMEERKI,intestinal proteasa,False,0.0399
NVMEERKIKV,intestinal proteasa,False,0.0072
MEERKIKVYL,intestinal proteasa,False,0.0037
ERKIKVYLPR,intestinal proteasa,False,0.0008
KIKVYLPRMK,intestinal proteasa,False,0.0017
KVYLPRMKME,intestinal proteasa,False,0.0044
YLPRMKMEEK,intestinal proteasa,False,0.0088
PRMKMEEKYN,intestinal proteasa,False,0.0056
MKMEEKYNLT,intestinal proteasa,False,0.0367
MEEKYNLTSV,intestinal proteasa,False,0.0093
EKYNLTSVLM,intestinal proteasa,False,0.0124
YNLTSVLMAM,intestinal proteasa,False,0.0294
LTSVLMAMGI,intestinal proteasa,False,0.0787
SVLMAMGITD,intestinal proteasa,False,0.1194
LMAMGITDVF,intestinal proteasa,False,0.8333
AMGITDVFSS,intestinal proteasa,False,0.0154
GITDVFSSSA,intestinal proteasa,False,0.0178
TDVFSSSANL,intestinal proteasa,False,0.019
VFSSSANLSG,intestinal proteasa,False,0.1849
SSSANLSGIS,intestinal proteasa,False,0.7012
SANLSGISSA,intestinal proteasa,False,0.6149
NLSGISSAES,intestinal proteasa,False,1.5216
SGISSAESLK,intestinal proteasa,False,0.5455
ISSAESLKIS,intestinal proteasa,False,0.0401
SAESLKISQA,intestinal proteasa,False,0.0451
ESLKISQAVH,intestinal proteasa,False,0.0465
LKISQAVHAA,intestinal proteasa,False,0.0192
ISQAVHAAHA,intestinal proteasa,False,0.1691
QAVHAAHAEI,intestinal proteasa,False,0.1777
VHAAHAEINE,intestinal proteasa,False,0.1356
AAHAEINEAG,intestinal proteasa,False,0.7772
HAEINEAGRE,intestinal proteasa,False,0.1388
EINEAGREVV,intestinal proteasa,False,0.1025
NEAGREVVGS,intestinal proteasa,False,0.1284
AGREVVGSAE,intestinal proteasa,False,0.0967
REVVGSAEAG,intestinal proteasa,False,1.7169
VVGSAEAGVD,intestinal proteasa,False,4.0618
GSAEAGVDAA,intestinal proteasa,False,3.1271
AEAGVDAASV,intestinal proteasa,False,0.0711
AGVDAASVSE,intestinal proteasa,False,0.0548
VDAASVSEEF,intestinal proteasa,False,0.0426
AASVSEEFRA,intestinal proteasa,False,0.0246
SVSEEFRADH,intestinal proteasa,False,0.0788
SEEFRADHPF,intestinal proteasa,False,0.0759
EFRADHPFLF,intestinal proteasa,False,0.0569
RADHPFLFCI,intestinal proteasa,False,0.0056
DHPFLFCIKH,intestinal proteasa,False,0.0042
PFLFCIKHIA,intestinal proteasa,False,0.0046
LFCIKHIATN,intestinal proteasa,False,0.0185
CIKHIATNAV,intestinal proteasa,False,0.0929
KHIATNAVLF,intestinal proteasa,False,0.0719
IATNAVLFFG,intestinal proteasa,False,0.0048
TNAVLFFGRC,intestinal proteasa,False,0.0015
AVLFFGRCVS,intestinal proteasa,False,0.0012
VLFFGRCVSP,intestinal proteasa,False,0.0014
