sequence,experimental_characteristics,half_life_seconds,length_sequence,hl_category
GSIGAASMEFCFDVFK,intestinal proteasa,0.0097,16,Low
IGAASMEFCFDVFKEL,intestinal proteasa,0.0084,16,Low
AASMEFCFDVFKELKV,intestinal proteasa,0.0068,16,Low
SMEFCFDVFKELKVHH,intestinal proteasa,0.0084,16,Low
EFCFDVFKELKVHHAN,intestinal proteasa,0.0098,16,Low
CFDVFKELKVHHANEN,intestinal proteasa,0.0103,16,Low
DVFKELKVHHANENIF,intestinal proteasa,0.0201,16,Low
FKELKVHHANENIFYC,intestinal proteasa,0.0074,16,Low
ELKVHHANENIFYCPI,intestinal proteasa,0.0851,16,Low
KVHHANENIFYCPIAI,intestinal proteasa,0.0892,16,Low
HHANENIFYCPIAIMS,intestinal proteasa,0.0575,16,Low
ANENIFYCPIAIMSAL,intestinal proteasa,0.0425,16,Low
ENIFYCPIAIMSALAM,intestinal proteasa,0.0327,16,Low
IFYCPIAIMSALAMVY,intestinal proteasa,0.0167,16,Low
YCPIAIMSALAMVYLG,intestinal proteasa,0.0125,16,Low
PIAIMSALAMVYLGAK,intestinal proteasa,0.0077,16,Low
AIMSALAMVYLGAKDS,intestinal proteasa,0.0088,16,Low
MSALAMVYLGAKDSTR,intestinal proteasa,0.0063,16,Low
ALAMVYLGAKDSTRTQ,intestinal proteasa,0.0045,16,Low
AMVYLGAKDSTRTQIN,intestinal proteasa,0.0037,16,Low
VYLGAKDSTRTQINKV,intestinal proteasa,0.004,16,Low
LGAKDSTRTQINKVVR,intestinal proteasa,0.0033,16,Low
AKDSTRTQINKVVRFD,intestinal proteasa,0.0038,16,Low
DSTRTQINKVVRFDKL,intestinal proteasa,0.0044,16,Low
TRTQINKVVRFDKLPG,intestinal proteasa,0.0045,16,Low
TQINKVVRFDKLPGFG,intestinal proteasa,0.0085,16,Low
INKVVRFDKLPGFGDS,intestinal proteasa,0.0111,16,Low
KVVRFDKLPGFGDSIE,intestinal proteasa,0.0131,16,Low
VRFDKLPGFGDSIEAQ,intestinal proteasa,0.1209,16,Low
FDKLPGFGDSIEAQCG,intestinal proteasa,5.693,16,Low
KLPGFGDSIEAQCGTS,intestinal proteasa,6.4211,16,Low
PGFGDSIEAQCGTSVN,intestinal proteasa,5.0348,16,Low
FGDSIEAQCGTSVNVH,intestinal proteasa,1.3951,16,Low
DSIEAQCGTSVNVHSS,intestinal proteasa,0.4688,16,Low
IEAQCGTSVNVHSSLR,intestinal proteasa,0.193,16,Low
AQCGTSVNVHSSLRDI,intestinal proteasa,0.0267,16,Low
CGTSVNVHSSLRDILN,intestinal proteasa,0.0499,16,Low
TSVNVHSSLRDILNQI,intestinal proteasa,0.1029,16,Low
VNVHSSLRDILNQITK,intestinal proteasa,0.0614,16,Low
VHSSLRDILNQITKPN,intestinal proteasa,0.1104,16,Low
SSLRDILNQITKPNDV,intestinal proteasa,0.1963,16,Low
LRDILNQITKPNDVYS,intestinal proteasa,0.0514,16,Low
DILNQITKPNDVYSFS,intestinal proteasa,0.0223,16,Low
LNQITKPNDVYSFSLA,intestinal proteasa,0.0054,16,Low
QITKPNDVYSFSLASR,intestinal proteasa,0.0025,16,Low
TKPNDVYSFSLASRLY,intestinal proteasa,0.0011,16,Low
PNDVYSFSLASRLYAE,intestinal proteasa,0.0014,16,Low
DVYSFSLASRLYAEER,intestinal proteasa,0.0011,16,Low
YSFSLASRLYAEERYP,intestinal proteasa,0.0032,16,Low
FSLASRLYAEERYPIL,intestinal proteasa,0.0031,16,Low
LASRLYAEERYPILPE,intestinal proteasa,0.0023,16,Low
SRLYAEERYPILPEYL,intestinal proteasa,0.0028,16,Low
LYAEERYPILPEYLQC,intestinal proteasa,0.0281,16,Low
AEERYPILPEYLQCVK,intestinal proteasa,0.2682,16,Low
ERYPILPEYLQCVKEL,intestinal proteasa,0.1018,16,Low
YPILPEYLQCVKELYR,intestinal proteasa,0.0298,16,Low
ILPEYLQCVKELYRGG,intestinal proteasa,0.0143,16,Low
PEYLQCVKELYRGGLE,intestinal proteasa,0.0152,16,Low
YLQCVKELYRGGLEPI,intestinal proteasa,0.0093,16,Low
QCVKELYRGGLEPINF,intestinal proteasa,0.0085,16,Low
VKELYRGGLEPINFQT,intestinal proteasa,0.0052,16,Low
ELYRGGLEPINFQTAA,intestinal proteasa,0.0085,16,Low
YRGGLEPINFQTAADQ,intestinal proteasa,0.011,16,Low
GGLEPINFQTAADQAR,intestinal proteasa,0.0207,16,Low
LEPINFQTAADQAREL,intestinal proteasa,0.0155,16,Low
PINFQTAADQARELIN,intestinal proteasa,0.0183,16,Low
NFQTAADQARELINSW,intestinal proteasa,0.0247,16,Low
QTAADQARELINSWVE,intestinal proteasa,0.0297,16,Low
AADQARELINSWVESQ,intestinal proteasa,0.0322,16,Low
DQARELINSWVESQTN,intestinal proteasa,0.0223,16,Low
ARELINSWVESQTNGI,intestinal proteasa,0.0078,16,Low
ELINSWVESQTNGIIR,intestinal proteasa,0.1455,16,Low
INSWVESQTNGIIRNV,intestinal proteasa,0.0095,16,Low
SWVESQTNGIIRNVLQ,intestinal proteasa,0.0099,16,Low
VESQTNGIIRNVLQPS,intestinal proteasa,0.0085,16,Low
SQTNGIIRNVLQPSSV,intestinal proteasa,0.0032,16,Low
TNGIIRNVLQPSSVDS,intestinal proteasa,0.0033,16,Low
GIIRNVLQPSSVDSQT,intestinal proteasa,0.005,16,Low
IRNVLQPSSVDSQTAM,intestinal proteasa,0.0069,16,Low
NVLQPSSVDSQTAMVL,intestinal proteasa,0.1618,16,Low
LQPSSVDSQTAMVLVN,intestinal proteasa,0.0332,16,Low
PSSVDSQTAMVLVNAI,intestinal proteasa,0.0371,16,Low
SVDSQTAMVLVNAIVF,intestinal proteasa,0.0236,16,Low
DSQTAMVLVNAIVFKG,intestinal proteasa,0.008,16,Low
QTAMVLVNAIVFKGLW,intestinal proteasa,0.0051,16,Low
AMVLVNAIVFKGLWEK,intestinal proteasa,0.0061,16,Low
VLVNAIVFKGLWEKAF,intestinal proteasa,0.003,16,Low
VNAIVFKGLWEKAFKD,intestinal proteasa,0.0028,16,Low
AIVFKGLWEKAFKDED,intestinal proteasa,0.0037,16,Low
VFKGLWEKAFKDEDTQ,intestinal proteasa,0.0057,16,Low
KGLWEKAFKDEDTQAM,intestinal proteasa,0.0084,16,Low
LWEKAFKDEDTQAMPF,intestinal proteasa,0.0101,16,Low
EKAFKDEDTQAMPFRV,intestinal proteasa,0.0037,16,Low
AFKDEDTQAMPFRVTE,intestinal proteasa,0.0047,16,Low
KDEDTQAMPFRVTEQE,intestinal proteasa,0.0049,16,Low
EDTQAMPFRVTEQESK,intestinal proteasa,0.0041,16,Low
TQAMPFRVTEQESKPV,intestinal proteasa,0.0076,16,Low
AMPFRVTEQESKPVQM,intestinal proteasa,0.005,16,Low
PFRVTEQESKPVQMMY,intestinal proteasa,0.1097,16,Low
RVTEQESKPVQMMYQI,intestinal proteasa,0.1086,16,Low
TEQESKPVQMMYQIGL,intestinal proteasa,0.0696,16,Low
QESKPVQMMYQIGLFR,intestinal proteasa,0.0055,16,Low
SKPVQMMYQIGLFRVA,intestinal proteasa,0.002,16,Low
PVQMMYQIGLFRVASM,intestinal proteasa,0.0022,16,Low
QMMYQIGLFRVASMAS,intestinal proteasa,0.0021,16,Low
MYQIGLFRVASMASEK,intestinal proteasa,0.0025,16,Low
QIGLFRVASMASEKMK,intestinal proteasa,0.0021,16,Low
GLFRVASMASEKMKIL,intestinal proteasa,0.0047,16,Low
FRVASMASEKMKILEL,intestinal proteasa,0.0026,16,Low
VASMASEKMKILELPF,intestinal proteasa,0.0075,16,Low
SMASEKMKILELPFAS,intestinal proteasa,0.0073,16,Low
ASEKMKILELPFASGT,intestinal proteasa,0.0034,16,Low
EKMKILELPFASGTMS,intestinal proteasa,0.0134,16,Low
MKILELPFASGTMSML,intestinal proteasa,0.022,16,Low
ILELPFASGTMSMLVL,intestinal proteasa,0.0507,16,Low
ELPFASGTMSMLVLLP,intestinal proteasa,0.041,16,Low
PFASGTMSMLVLLPDE,intestinal proteasa,0.0444,16,Low
ASGTMSMLVLLPDEVS,intestinal proteasa,0.0325,16,Low
GTMSMLVLLPDEVSGL,intestinal proteasa,0.0306,16,Low
MSMLVLLPDEVSGLEQ,intestinal proteasa,0.0139,16,Low
MLVLLPDEVSGLEQLE,intestinal proteasa,0.1049,16,Low
VLLPDEVSGLEQLESI,intestinal proteasa,0.2344,16,Low
LPDEVSGLEQLESIIN,intestinal proteasa,0.1597,16,Low
DEVSGLEQLESIINFE,intestinal proteasa,0.0265,16,Low
VSGLEQLESIINFEKL,intestinal proteasa,0.0393,16,Low
GLEQLESIINFEKLTE,intestinal proteasa,0.0228,16,Low
EQLESIINFEKLTEWT,intestinal proteasa,0.0345,16,Low
LESIINFEKLTEWTSS,intestinal proteasa,0.0424,16,Low
SIINFEKLTEWTSSNV,intestinal proteasa,0.0653,16,Low
INFEKLTEWTSSNVME,intestinal proteasa,0.0497,16,Low
FEKLTEWTSSNVMEER,intestinal proteasa,0.0286,16,Low
KLTEWTSSNVMEERKI,intestinal proteasa,0.0414,16,Low
TEWTSSNVMEERKIKV,intestinal proteasa,0.0139,16,Low
WTSSNVMEERKIKVYL,intestinal proteasa,0.006,16,Low
SSNVMEERKIKVYLPR,intestinal proteasa,0.0021,16,Low
NVMEERKIKVYLPRMK,intestinal proteasa,0.0021,16,Low
MEERKIKVYLPRMKME,intestinal proteasa,0.0014,16,Low
ERKIKVYLPRMKMEEK,intestinal proteasa,0.0012,16,Low
KIKVYLPRMKMEEKYN,intestinal proteasa,0.0016,16,Low
KVYLPRMKMEEKYNLT,intestinal proteasa,0.003,16,Low
YLPRMKMEEKYNLTSV,intestinal proteasa,0.0054,16,Low
PRMKMEEKYNLTSVLM,intestinal proteasa,0.0051,16,Low
MKMEEKYNLTSVLMAM,intestinal proteasa,0.0321,16,Low
MEEKYNLTSVLMAMGI,intestinal proteasa,0.0225,16,Low
EKYNLTSVLMAMGITD,intestinal proteasa,0.0211,16,Low
YNLTSVLMAMGITDVF,intestinal proteasa,0.0298,16,Low
LTSVLMAMGITDVFSS,intestinal proteasa,0.017,16,Low
SVLMAMGITDVFSSSA,intestinal proteasa,0.0276,16,Low
LMAMGITDVFSSSANL,intestinal proteasa,0.0241,16,Low
AMGITDVFSSSANLSG,intestinal proteasa,0.0262,16,Low
GITDVFSSSANLSGIS,intestinal proteasa,0.024,16,Low
TDVFSSSANLSGISSA,intestinal proteasa,0.0361,16,Low
VFSSSANLSGISSAES,intestinal proteasa,0.2471,16,Low
SSSANLSGISSAESLK,intestinal proteasa,0.3682,16,Low
SANLSGISSAESLKIS,intestinal proteasa,0.0601,16,Low
NLSGISSAESLKISQA,intestinal proteasa,0.0601,16,Low
SGISSAESLKISQAVH,intestinal proteasa,0.0526,16,Low
ISSAESLKISQAVHAA,intestinal proteasa,0.0502,16,Low
SAESLKISQAVHAAHA,intestinal proteasa,0.0475,16,Low
ESLKISQAVHAAHAEI,intestinal proteasa,0.0463,16,Low
LKISQAVHAAHAEINE,intestinal proteasa,0.0154,16,Low
ISQAVHAAHAEINEAG,intestinal proteasa,0.1789,16,Low
QAVHAAHAEINEAGRE,intestinal proteasa,0.0901,16,Low
VHAAHAEINEAGREVV,intestinal proteasa,0.0783,16,Low
AAHAEINEAGREVVGS,intestinal proteasa,0.1269,16,Low
HAEINEAGREVVGSAE,intestinal proteasa,0.1531,16,Low
EINEAGREVVGSAEAG,intestinal proteasa,0.195,16,Low
NEAGREVVGSAEAGVD,intestinal proteasa,0.1676,16,Low
AGREVVGSAEAGVDAA,intestinal proteasa,0.1212,16,Low
REVVGSAEAGVDAASV,intestinal proteasa,0.0694,16,Low
VVGSAEAGVDAASVSE,intestinal proteasa,0.0475,16,Low
GSAEAGVDAASVSEEF,intestinal proteasa,0.0261,16,Low
AEAGVDAASVSEEFRA,intestinal proteasa,0.0214,16,Low
AGVDAASVSEEFRADH,intestinal proteasa,0.0322,16,Low
VDAASVSEEFRADHPF,intestinal proteasa,0.0389,16,Low
AASVSEEFRADHPFLF,intestinal proteasa,0.0233,16,Low
SVSEEFRADHPFLFCI,intestinal proteasa,0.0029,16,Low
SEEFRADHPFLFCIKH,intestinal proteasa,0.0038,16,Low
EFRADHPFLFCIKHIA,intestinal proteasa,0.0031,16,Low
RADHPFLFCIKHIATN,intestinal proteasa,0.0038,16,Low
DHPFLFCIKHIATNAV,intestinal proteasa,0.0046,16,Low
PFLFCIKHIATNAVLF,intestinal proteasa,0.0055,16,Low
LFCIKHIATNAVLFFG,intestinal proteasa,0.0038,16,Low
CIKHIATNAVLFFGRC,intestinal proteasa,0.0025,16,Low
KHIATNAVLFFGRCVS,intestinal proteasa,0.0008,16,Low
HIATNAVLFFGRCVSP,intestinal proteasa,0.0009,16,Low
