sequence,half_life_seconds
ANTI-HEVVPLEVYTRHEIK,36000.0
ANTI-HEVVPLEVYTRHEIK,12600.0
ANTI-MEVVQQTRMD KLTQGRQTYD,108000.0
FLPLILPANTI-SIVTALSSFLKQG,10800.0
FLPLILPANTI-SIVTALSSFLKQG,3960.0
FLPLILPANTI-SIVTALSSFLKQG,7200.0
FNESTRKKIE KIRPLLVEGT,7200.0
FNESTRKKIE KIRPLLVEGT,10800.0
FNESTRKKIE KIRPLLVEGT,3960.0
GYHLMSFPQAAP-HGVVFLHVTW,108000.0
KQLTEAVQKITTEANTI-SIVIWGK,10800.0
KQLTEAVQKITTEANTI-SIVIWGK,4680.0
KQLTEAVQKITTEANTI-SIVIWGK,7200.0
KQNAANILRLKESIAATNEAVANTI-HEV,7200.0
KQNAANILRLKESIAATNEAVANTI-HEV,4680.0
KQNAANILRLKESIAATNEAVANTI-HEV,10800.0
LPVGGNEKKA KLANVVRKMM,19800.0
LPVGGNEKKA KLANVVRKMM,10800.0
LPVGGNEKKA KLANVVRKMM,7200.0
MDVNPTLLFL KVPAQNAIST TFPYT,108000.0
MVDRGWGNHAGLFGKGANTI-SIV,108000.0
RFRIRCRANTI-WNVGSDTSLIDTC,7200.0
RFRIRCRANTI-WNVGSDTSLIDTC,7200.0
RFRIRCRANTI-WNVGSDTSLIDTC,3600.0
RNKSNLHTEARFRIRCRANTI-WNV,7200.0
RNKSNLHTEARFRIRCRANTI-WNV,7200.0
RNKSNLHTEARFRIRCRANTI-WNV,3600.0
SANTI-VSVGMKPSPRP,6840.0
SGCANNTCYNANTI-VSVIVPDYQC,6840.0
SSCNMGWDTPAANTI-CCVWFPYWV,6840.0
STSQKANTI-SIVAYTM,6840.0
TLLFLKVPAQ NAISTTFPYT,25920.0
VFQFLGRIIANTI-HHVGNFVHGFSHVF,360000.0
