sequence,half_life_seconds,experimental_characteristics,hl_category
GSIGAASMEF,2.7013,intestinal proteasa,Low
IGAASMEFCF,0.0629,intestinal proteasa,Low
AASMEFCFDV,0.0556,intestinal proteasa,Low
SMEFCFDVFK,0.0103,intestinal proteasa,Low
EFCFDVFKEL,0.0088,intestinal proteasa,Low
CFDVFKELKV,0.0122,intestinal proteasa,Low
DVFKELKVHH,0.0101,intestinal proteasa,Low
FKELKVHHAN,0.0094,intestinal proteasa,Low
ELKVHHANEN,0.1969,intestinal proteasa,Low
KVHHANENIF,1.2897,intestinal proteasa,Low
HHANENIFYC,0.0485,intestinal proteasa,Low
ANENIFYCPI,0.1557,intestinal proteasa,Low
ENIFYCPIAI,0.089,intestinal proteasa,Low
IFYCPIAIMS,0.0469,intestinal proteasa,Low
YCPIAIMSAL,0.2911,intestinal proteasa,Low
PIAIMSALAM,0.1596,intestinal proteasa,Low
AIMSALAMVY,0.0512,intestinal proteasa,Low
MSALAMVYLG,0.0132,intestinal proteasa,Low
ALAMVYLGAK,0.0077,intestinal proteasa,Low
AMVYLGAKDS,0.0111,intestinal proteasa,Low
VYLGAKDSTR,0.0135,intestinal proteasa,Low
LGAKDSTRTQ,0.0122,intestinal proteasa,Low
AKDSTRTQIN,0.0092,intestinal proteasa,Low
DSTRTQINKV,0.021,intestinal proteasa,Low
TRTQINKVVR,0.0027,intestinal proteasa,Low
TQINKVVRFD,0.0094,intestinal proteasa,Low
INKVVRFDKL,0.0069,intestinal proteasa,Low
KVVRFDKLPG,0.0119,intestinal proteasa,Low
VRFDKLPGFG,0.1526,intestinal proteasa,Low
FDKLPGFGDS,25.2445,intestinal proteasa,Low
KLPGFGDSIE,40.1296,intestinal proteasa,Low
PGFGDSIEAQ,17.8114,intestinal proteasa,Low
FGDSIEAQCG,7.122,intestinal proteasa,Low
DSIEAQCGTS,13.4815,intestinal proteasa,Low
IEAQCGTSVN,6.4814,intestinal proteasa,Low
AQCGTSVNVH,4.3435,intestinal proteasa,Low
CGTSVNVHSS,1.1378,intestinal proteasa,Low
TSVNVHSSLR,0.1177,intestinal proteasa,Low
VNVHSSLRDI,0.0148,intestinal proteasa,Low
VHSSLRDILN,0.0527,intestinal proteasa,Low
SSLRDILNQI,0.1504,intestinal proteasa,Low
LRDILNQITK,0.0939,intestinal proteasa,Low
DILNQITKPN,4.1593,intestinal proteasa,Low
LNQITKPNDV,20.6999,intestinal proteasa,Low
QITKPNDVYS,0.2963,intestinal proteasa,Low
TKPNDVYSFS,0.012,intestinal proteasa,Low
PNDVYSFSLA,0.0026,intestinal proteasa,Low
DVYSFSLASR,0.0037,intestinal proteasa,Low
YSFSLASRLY,0.0019,intestinal proteasa,Low
FSLASRLYAE,0.0035,intestinal proteasa,Low
LASRLYAEER,0.0031,intestinal proteasa,Low
SRLYAEERYP,0.0052,intestinal proteasa,Low
LYAEERYPIL,0.1052,intestinal proteasa,Low
AEERYPILPE,11.4998,intestinal proteasa,Low
ERYPILPEYL,1.466,intestinal proteasa,Low
YPILPEYLQC,0.1016,intestinal proteasa,Low
ILPEYLQCVK,0.3817,intestinal proteasa,Low
PEYLQCVKEL,0.1101,intestinal proteasa,Low
YLQCVKELYR,0.0263,intestinal proteasa,Low
QCVKELYRGG,0.0128,intestinal proteasa,Low
VKELYRGGLE,0.0225,intestinal proteasa,Low
ELYRGGLEPI,0.0244,intestinal proteasa,Low
YRGGLEPINF,0.0238,intestinal proteasa,Low
GGLEPINFQT,0.0336,intestinal proteasa,Low
LEPINFQTAA,0.0242,intestinal proteasa,Low
PINFQTAADQ,0.0812,intestinal proteasa,Low
NFQTAADQAR,0.1293,intestinal proteasa,Low
QTAADQAREL,0.0514,intestinal proteasa,Low
AADQARELIN,0.0325,intestinal proteasa,Low
DQARELINSW,0.0224,intestinal proteasa,Low
ARELINSWVE,0.0156,intestinal proteasa,Low
ELINSWVESQ,1.2344,intestinal proteasa,Low
INSWVESQTN,3.3348,intestinal proteasa,Low
SWVESQTNGI,0.7564,intestinal proteasa,Low
VESQTNGIIR,0.3309,intestinal proteasa,Low
SQTNGIIRNV,0.0066,intestinal proteasa,Low
TNGIIRNVLQ,0.0072,intestinal proteasa,Low
GIIRNVLQPS,0.0038,intestinal proteasa,Low
IRNVLQPSSV,0.0049,intestinal proteasa,Low
NVLQPSSVDS,0.3384,intestinal proteasa,Low
LQPSSVDSQT,0.1866,intestinal proteasa,Low
PSSVDSQTAM,4.5647,intestinal proteasa,Low
SVDSQTAMVL,0.2013,intestinal proteasa,Low
DSQTAMVLVN,0.0195,intestinal proteasa,Low
QTAMVLVNAI,0.0264,intestinal proteasa,Low
AMVLVNAIVF,0.0165,intestinal proteasa,Low
VLVNAIVFKG,0.0087,intestinal proteasa,Low
VNAIVFKGLW,0.0051,intestinal proteasa,Low
AIVFKGLWEK,0.0054,intestinal proteasa,Low
VFKGLWEKAF,0.0039,intestinal proteasa,Low
KGLWEKAFKD,0.0053,intestinal proteasa,Low
LWEKAFKDED,0.0131,intestinal proteasa,Low
EKAFKDEDTQ,0.0329,intestinal proteasa,Low
AFKDEDTQAM,7.6573,intestinal proteasa,Low
KDEDTQAMPF,0.6468,intestinal proteasa,Low
EDTQAMPFRV,0.0033,intestinal proteasa,Low
TQAMPFRVTE,0.0047,intestinal proteasa,Low
AMPFRVTEQE,0.0063,intestinal proteasa,Low
PFRVTEQESK,0.131,intestinal proteasa,Low
RVTEQESKPV,2.1948,intestinal proteasa,Low
TEQESKPVQM,19.4782,intestinal proteasa,Low
QESKPVQMMY,3.8079,intestinal proteasa,Low
SKPVQMMYQI,0.124,intestinal proteasa,Low
PVQMMYQIGL,0.088,intestinal proteasa,Low
QMMYQIGLFR,0.006,intestinal proteasa,Low
MYQIGLFRVA,0.0025,intestinal proteasa,Low
QIGLFRVASM,0.0015,intestinal proteasa,Low
GLFRVASMAS,0.006,intestinal proteasa,Low
FRVASMASEK,0.0082,intestinal proteasa,Low
VASMASEKMK,0.1745,intestinal proteasa,Low
SMASEKMKIL,0.0072,intestinal proteasa,Low
ASEKMKILEL,0.0103,intestinal proteasa,Low
EKMKILELPF,0.0135,intestinal proteasa,Low
MKILELPFAS,0.0183,intestinal proteasa,Low
ILELPFASGT,0.0767,intestinal proteasa,Low
ELPFASGTMS,0.0648,intestinal proteasa,Low
PFASGTMSML,3.844,intestinal proteasa,Low
ASGTMSMLVL,0.1692,intestinal proteasa,Low
GTMSMLVLLP,0.0949,intestinal proteasa,Low
MSMLVLLPDE,0.0317,intestinal proteasa,Low
MLVLLPDEVS,0.323,intestinal proteasa,Low
VLLPDEVSGL,8.3587,intestinal proteasa,Low
LPDEVSGLEQ,0.3722,intestinal proteasa,Low
DEVSGLEQLE,0.1719,intestinal proteasa,Low
VSGLEQLESI,1.0014,intestinal proteasa,Low
GLEQLESIIN,0.5162,intestinal proteasa,Low
EQLESIINFE,0.0686,intestinal proteasa,Low
LESIINFEKL,0.0663,intestinal proteasa,Low
SIINFEKLTE,0.0667,intestinal proteasa,Low
INFEKLTEWT,0.0541,intestinal proteasa,Low
FEKLTEWTSS,0.0563,intestinal proteasa,Low
KLTEWTSSNV,0.4176,intestinal proteasa,Low
TEWTSSNVME,0.5842,intestinal proteasa,Low
WTSSNVMEER,0.9286,intestinal proteasa,Low
SSNVMEERKI,0.0399,intestinal proteasa,Low
NVMEERKIKV,0.0072,intestinal proteasa,Low
MEERKIKVYL,0.0037,intestinal proteasa,Low
ERKIKVYLPR,0.0008,intestinal proteasa,Low
KIKVYLPRMK,0.0017,intestinal proteasa,Low
KVYLPRMKME,0.0044,intestinal proteasa,Low
YLPRMKMEEK,0.0088,intestinal proteasa,Low
PRMKMEEKYN,0.0056,intestinal proteasa,Low
MKMEEKYNLT,0.0367,intestinal proteasa,Low
MEEKYNLTSV,0.0093,intestinal proteasa,Low
EKYNLTSVLM,0.0124,intestinal proteasa,Low
YNLTSVLMAM,0.0294,intestinal proteasa,Low
LTSVLMAMGI,0.0787,intestinal proteasa,Low
SVLMAMGITD,0.1194,intestinal proteasa,Low
LMAMGITDVF,0.8333,intestinal proteasa,Low
AMGITDVFSS,0.0154,intestinal proteasa,Low
GITDVFSSSA,0.0178,intestinal proteasa,Low
TDVFSSSANL,0.019,intestinal proteasa,Low
VFSSSANLSG,0.1849,intestinal proteasa,Low
SSSANLSGIS,0.7012,intestinal proteasa,Low
SANLSGISSA,0.6149,intestinal proteasa,Low
NLSGISSAES,1.5216,intestinal proteasa,Low
SGISSAESLK,0.5455,intestinal proteasa,Low
ISSAESLKIS,0.0401,intestinal proteasa,Low
SAESLKISQA,0.0451,intestinal proteasa,Low
ESLKISQAVH,0.0465,intestinal proteasa,Low
LKISQAVHAA,0.0192,intestinal proteasa,Low
ISQAVHAAHA,0.1691,intestinal proteasa,Low
QAVHAAHAEI,0.1777,intestinal proteasa,Low
VHAAHAEINE,0.1356,intestinal proteasa,Low
AAHAEINEAG,0.7772,intestinal proteasa,Low
HAEINEAGRE,0.1388,intestinal proteasa,Low
EINEAGREVV,0.1025,intestinal proteasa,Low
NEAGREVVGS,0.1284,intestinal proteasa,Low
AGREVVGSAE,0.0967,intestinal proteasa,Low
REVVGSAEAG,1.7169,intestinal proteasa,Low
VVGSAEAGVD,4.0618,intestinal proteasa,Low
GSAEAGVDAA,3.1271,intestinal proteasa,Low
AEAGVDAASV,0.0711,intestinal proteasa,Low
AGVDAASVSE,0.0548,intestinal proteasa,Low
VDAASVSEEF,0.0426,intestinal proteasa,Low
AASVSEEFRA,0.0246,intestinal proteasa,Low
SVSEEFRADH,0.0788,intestinal proteasa,Low
SEEFRADHPF,0.0759,intestinal proteasa,Low
EFRADHPFLF,0.0569,intestinal proteasa,Low
RADHPFLFCI,0.0056,intestinal proteasa,Low
DHPFLFCIKH,0.0042,intestinal proteasa,Low
PFLFCIKHIA,0.0046,intestinal proteasa,Low
LFCIKHIATN,0.0185,intestinal proteasa,Low
CIKHIATNAV,0.0929,intestinal proteasa,Low
KHIATNAVLF,0.0719,intestinal proteasa,Low
IATNAVLFFG,0.0048,intestinal proteasa,Low
TNAVLFFGRC,0.0015,intestinal proteasa,Low
AVLFFGRCVS,0.0012,intestinal proteasa,Low
VLFFGRCVSP,0.0014,intestinal proteasa,Low
